Q_m3h,H_m,eta_pump_pct,P2_shaft_kW,eta_pump_motor_pct,P1_input_kW,NPSHr_m,n_rpm,note
0.5,33.26,1.0,4.733,0.9,5.126,2.17,2981,lowest Q accepted by tool - NOT true shut-off
1,33.25,1.9,4.755,1.8,5.149,2.19,2981,
10,33.15,17.5,5.163,16.2,5.580,2.40,2979,
20,33.01,31.8,5.641,29.5,6.087,2.59,2976,
40,32.61,53.4,6.641,49.5,7.160,2.85,2971,
60,31.82,67.9,7.651,62.9,8.258,3.08,2965,
80,30.44,76.9,8.612,71.1,9.316,3.40,2959,
100,28.22,81.1,9.464,74.8,10.27,3.94,2953,
105,27.51,81.4,9.652,75.0,10.48,4.12,2952,
108,27.05,81.4,9.761,74.9,10.60,4.24,2952,
110,26.73,81.4,9.830,74.9,10.68,4.33,2951,
114,26.07,81.1,9.961,74.6,10.83,4.51,2950,rated flow
120,24.96,80.3,10.15,73.8,11.04,4.82,2949,
130,22.85,77.6,10.41,71.2,11.34,5.43,2947,
